mgh_2,mgh_3,mgh_4,product_type,Product Style,,,
Lifestyle,APPAREL,Pants,Pants (regular),Cargo,,,
Lifestyle,APPAREL,Pants,Pants (regular),Chinos,,,
Lifestyle,APPAREL,Pants,Pants (regular),Sweat pants,,,
Lifestyle,APPAREL,Pants,Pants (regular),Jogger,,,
Lifestyle,APPAREL,Pants,Pants (regular),5 pockets,,,
Lifestyle,APPAREL,Pants,Pants (regular),Flat fronts,,,`
Lifestyle,APPAREL,Pants,Pants (regular),Capris,,,
Lifestyle,APPAREL,Pants,Pants (regular),Culottes,,,
Lifestyle,APPAREL,Pants,Pants (regular),Palazzos,,,
Lifestyle,APPAREL,Pants,Pants (regular),Convertible Pants,,,
Lifestyle,APPAREL,Pants,Pants (regular),Not assigned,,,
Lifestyle,APPAREL,Pants,OVERALL,Cargo,,,
Lifestyle,APPAREL,Pants,OVERALL,Flat fronts,,,
Lifestyle,APPAREL,Pants,OVERALL,Regular,,,
Lifestyle,APPAREL,Pants,OVERALL,SKIRT,,,
Lifestyle,APPAREL,Shorts,Pants (regular),Cargo,,,
Lifestyle,APPAREL,Shorts,Shorts (regular),Cargo,,,
Lifestyle,APPAREL,Shorts,Shorts (regular),Sweat pants,,,
Lifestyle,APPAREL,Shorts,Shorts (regular),Bermuda,,,
Lifestyle,APPAREL,Shorts,Shorts (regular),Board short,,,
Lifestyle,APPAREL,Shorts,Shorts (regular),Skorts,,,
Lifestyle,APPAREL,Shorts,Shorts (regular),Chinos short,,,
Lifestyle,APPAREL,Shorts,Shorts (regular),SKIRT,,,
Lifestyle,APPAREL,Shirt,Shirt (long sleeves),Regular shirt,,,
Lifestyle,APPAREL,Shirt,Shirt (long sleeves),Pattern shirt,,,
Lifestyle,APPAREL,Shirt,Shirt (long sleeves),Hodded shirt,,,
Lifestyle,APPAREL,Shirt,Shirt (short sleeves),Regular shirt,,,
Lifestyle,APPAREL,Shirt,Shirt (short sleeves),Pattern shirt,,,
Lifestyle,APPAREL,Top,Henley,Crew Neck,,,
Lifestyle,APPAREL,Top,Henley,Not assigned,,,
Lifestyle,APPAREL,Top,Polo shirt (long sleeves),Regular polo,,,
Lifestyle,APPAREL,Top,Polo shirt (long sleeves),Pattern polo,,,
Lifestyle,APPAREL,Top,Polo shirt (long sleeves),Not assigned,,,
Lifestyle,APPAREL,Top,Polo shirt (short sleeves),Regular polo,,,
Lifestyle,APPAREL,Top,Polo shirt (short sleeves),Pattern polo,,,
Lifestyle,APPAREL,Top,Polo shirt (short sleeves),Short sleeve top,,,
Lifestyle,APPAREL,Top,Polo shirt (short sleeves),Not assigned,,,
Lifestyle,APPAREL,Top,Shirt (long sleeves),Pattern shirt,,,
Lifestyle,APPAREL,Top,T-Shirt (long sleeves),Pattern shirt,,,
Lifestyle,APPAREL,Top,T-Shirt (long sleeves),Crew Neck,,,
Lifestyle,APPAREL,Top,T-Shirt (long sleeves),Long sleeve top,,,
Lifestyle,APPAREL,Top,T-Shirt (long sleeves),Not assigned,,,
Lifestyle,APPAREL,Top,T-Shirt (short sleeves),Crew Neck,,,
Lifestyle,APPAREL,Top,T-Shirt (short sleeves),Short sleeve top,,,
Lifestyle,APPAREL,Top,T-Shirt (short sleeves),N/A,,,
Lifestyle,APPAREL,Top,T-Shirt (short sleeves),Not assigned,,,
Lifestyle,APPAREL,Top,T-Shirt (sleeveless),Crew Neck,,,
Lifestyle,APPAREL,Top,T-Shirt (sleeveless),Polyester,,,
Lifestyle,APPAREL,Top,T-Shirt (sleeveless),Not assigned,,,
Lifestyle,APPAREL,Top,Not Assigned,Not assigned,,,
Lifestyle,APPAREL,Jacket,Fleece Jacket,Non Hooded,,,
Lifestyle,APPAREL,Jacket,Insulated Jacket,Hooded,,,
Lifestyle,APPAREL,Jacket,Insulated Jacket,Puffer,,,
Lifestyle,APPAREL,Jacket,Jack Shirt,Hooded,,,
Lifestyle,APPAREL,Jacket,Jack Shirt,Non Hooded,,,
Lifestyle,APPAREL,Jacket,Jack Shirt,Coach,,,
Lifestyle,APPAREL,Jacket,Softshell Jacket,Non Hooded,,,
Lifestyle,APPAREL,Jacket,Softshell Jacket,Anorak,,,
Lifestyle,APPAREL,Jacket,Waterproof Jacket,Hooded,,,
Lifestyle,APPAREL,Jacket,Waterproof Jacket,Bomber,,,
Lifestyle,APPAREL,Jacket,Windproof Jacket,Hooded,,,
Lifestyle,APPAREL,Jacket,Windproof Jacket,Non Hooded,,,
Lifestyle,APPAREL,Jacket,Windproof Jacket,Parka,,,
Lifestyle,APPAREL,Jacket,Windproof Jacket,Bomber,,,
Lifestyle,APPAREL,Jacket,Windproof Jacket,Anorak,,,
Lifestyle,APPAREL,Jacket,Windproof Jacket,Coach,,,
Lifestyle,APPAREL,Jacket,Windproof Jacket,Harrington,,,
Lifestyle,APPAREL,Jacket,Windproof Jacket,Varsity,,,
Lifestyle,APPAREL,Jacket,Windproof Jacket,Not assigned,,,
Lifestyle,APPAREL,Sweater,Hoodie (non-zip),Hooded,,,
Lifestyle,APPAREL,Sweater,Hoodie (non-zip),V-Neck Jumper,,,
Lifestyle,APPAREL,Sweater,Hoodie (non-zip),Crew Neck Jumper,,,
Lifestyle,APPAREL,Sweater,Hoodie (non-zip),Sweatshirt,,,
Lifestyle,APPAREL,Sweater,Hoodie (non-zip),Not assigned,,,
Lifestyle,APPAREL,Sweater,Hoodie (zip),Sweatshirt,,,
Lifestyle,APPAREL,Sweater,Knitwear,Crew Neck Jumper,,,
Lifestyle,APPAREL,Sweater,Knitwear,Cardigan,,,
Lifestyle,APPAREL,Sweater,Knitwear,Sweatshirt,,,
Lifestyle,APPAREL,Sweater,Non-hoodie (non-zip),Crew Neck Jumper,,,
Lifestyle,APPAREL,Sweater,Non-hoodie (non-zip),Cardigan,,,
Lifestyle,APPAREL,Sweater,Non-hoodie (non-zip),Sweatshirt,,,
Lifestyle,APPAREL,Sweater,Non-hoodie (zip),Sweatshirt,,,
Lifestyle,APPAREL,Rainwear,Poncho,Hooded,,,
Lifestyle,APPAREL,Vest,Fleece Vest,Non Hooded,,,
Lifestyle,APPAREL,Vest,Insulated Vest,Hooded,,,
Lifestyle,APPAREL,Vest,Insulated Vest,Non Hooded,,,
Lifestyle,APPAREL,Vest,Insulated Vest,Not assigned,,,
Lifestyle,APPAREL,Vest,Windproof Vest,Non Hooded,,,
Lifestyle,APPAREL,Vest,Windproof Vest,Not assigned,,,
Lifestyle,APPAREL,Vest,Not Assigned,Not assigned,,,
Lifestyle,APPAREL,Gown,MIDI SKIRT,SKIRT,,,
Lifestyle,BAGS,Backpack,Camera,Daypack,,,
Lifestyle,BAGS,Backpack,Camera,Not assigned,,,
Lifestyle,BAGS,Backpack,Daypack,Two ways carry,,,
Lifestyle,BAGS,Backpack,Daypack,Three Ways Carry,,,
Lifestyle,BAGS,Backpack,Daypack,Packable,,,
Lifestyle,BAGS,Backpack,Daypack,Daypack,,,
Lifestyle,BAGS,Backpack,Daypack,DRAWSTRING,,,
Lifestyle,BAGS,Backpack,Daypack,WATER PROTECTION,,,
Lifestyle,BAGS,Backpack,Daypack,Not assigned,,,
Lifestyle,BAGS,Backpack,Laptop,Two ways carry,,,
Lifestyle,BAGS,Backpack,Laptop,Three Ways Carry,,,
Lifestyle,BAGS,Backpack,Laptop,Daypack,,,
Lifestyle,BAGS,Backpack,Laptop,N/A,,,
Lifestyle,BAGS,Backpack,Laptop,Not assigned,,,
Lifestyle,BAGS,Backpack,Rucksack,Fixed Harness,,,
Lifestyle,BAGS,Backpack,Rucksack,Daypack,,,
Lifestyle,BAGS,Backpack,Rucksack,Not assigned,,,
Lifestyle,BAGS,Backpack,Technical,Daypack,,,
Lifestyle,BAGS,Backpack,Wheeled Backpack,Two Wheeled,,,
Lifestyle,BAGS,Backpack,Travel Backpack,Daypack,,,
Lifestyle,BAGS,Shoulder Bag,Camera,Not assigned,,,
Lifestyle,BAGS,Shoulder Bag,Cross Sling Bag,Basic Shoulder Bag,,,
Lifestyle,BAGS,Shoulder Bag,Cross Sling Bag,Not assigned,,,
Lifestyle,BAGS,Shoulder Bag,Laptop Shoulder Bag,Not assigned,,,
Lifestyle,BAGS,Shoulder Bag,Regular Shoulder Bag,Packable,,,
Lifestyle,BAGS,Shoulder Bag,Regular Shoulder Bag,Roll Sling Bag,,,
Lifestyle,BAGS,Shoulder Bag,Regular Shoulder Bag,Basic Shoulder Bag,,,
Lifestyle,BAGS,Shoulder Bag,Regular Shoulder Bag,WATER PROTECTION,,,
Lifestyle,BAGS,Shoulder Bag,Regular Shoulder Bag,N/A,,,
Lifestyle,BAGS,Shoulder Bag,Regular Shoulder Bag,Not assigned,,,
Lifestyle,BAGS,Shoulder Bag,Tablet Shoulder Bag,Basic Shoulder Bag,,,
Lifestyle,BAGS,Shoulder Bag,Tablet Shoulder Bag,N/A,,,
Lifestyle,BAGS,Shoulder Bag,Tablet Shoulder Bag,Not assigned,,,
Lifestyle,BAGS,Shoulder Bag,Tote Bag,Packable,,,
Lifestyle,BAGS,Shoulder Bag,Tote Bag,Regular Tote Bag,,,
Lifestyle,BAGS,Shoulder Bag,Tote Bag,Two Ways carry tote bag,,,
Lifestyle,BAGS,Shoulder Bag,Tote Bag,Three Ways  Carry Tote Bag,,,
Lifestyle,BAGS,Shoulder Bag,Tote Bag,Not assigned,,,
Lifestyle,BAGS,Shoulder Bag,Travel Pouch,Not assigned,,,
Lifestyle,BAGS,Shoulder Bag,SHOPPING BAG,SHOPPING BAG,,,
Lifestyle,BAGS,Duffle,Daypack,Three Ways Carry,,,
Lifestyle,BAGS,Duffle,Regular Duffle,Two ways carry,,,
Lifestyle,BAGS,Duffle,Regular Duffle,Three Ways Carry,,,
Lifestyle,BAGS,Duffle,Regular Duffle,Packable,,,
Lifestyle,BAGS,Duffle,Regular Duffle,Not assigned,,,
Lifestyle,BAGS,Duffle,Wheeled Duffle,Two ways carry,,,
Lifestyle,BAGS,Luggage,Hard Case,Four Wheeled,,,
Lifestyle,BAGS,Luggage,Soft Case,Two Wheeled,,,
Lifestyle,BAGS,Luggage,Soft Case,Four Wheeled,,,
Lifestyle,BAGS,Waist Bag,Cross Sling Bag,Not assigned,,,
Lifestyle,BAGS,Waist Bag,Lumbar Bag,Not assigned,,,
Lifestyle,BAGS,Waist Bag,Regular Shoulder Bag,Not assigned,,,
Lifestyle,BAGS,Waist Bag,Regular Waist Bag,Basic Shoulder Bag,,,
Lifestyle,BAGS,Waist Bag,Regular Waist Bag,N/A,,,
Lifestyle,BAGS,Waist Bag,Regular Waist Bag,Not assigned,,,
Lifestyle,BAGS,Waist Bag,Technical Waist Bag,Packable,,,
Lifestyle,BAGS,Waist Bag,Technical Waist Bag,Not assigned,,,
Lifestyle,BAGS,Pouch,Digital Pouch,N/A,,,
Lifestyle,BAGS,Pouch,Digital Pouch,Not assigned,,,
Lifestyle,BAGS,Pouch,Legpack,Polyester,,,
Lifestyle,BAGS,Pouch,Legpack,Not assigned,,,
Lifestyle,BAGS,Pouch,Passport Pouch,Not assigned,,,
Lifestyle,BAGS,Pouch,Travel Pouch,Polyester,,,
Lifestyle,BAGS,Pouch,Travel Pouch,WATER PROTECTION,,,
Lifestyle,BAGS,Pouch,Travel Pouch,N/A,,,
Lifestyle,BAGS,Pouch,Travel Pouch,Not assigned,,,
Lifestyle,BAGS,Pouch,Camera Pouch,Not assigned,,,
Lifestyle,BAGS,Pouch,Protect Kit / Pouch,Not assigned,,,
Lifestyle,BAGS,Pouch,Sanitizer Pouch,Polyester,,,
Lifestyle,BAGS,Pouch,Bottle Pouch,Not assigned,,,
Lifestyle,BAGS,Pouch,STATIONARY POUCH,Not assigned,,,
Lifestyle,BAGS,Pouch,Neck Pouch,Not assigned,,,
Lifestyle,BAGS,Pouch,MAKEUP POUCH,Not assigned,,,
Lifestyle,BAGS,Cases,Cable Case,Not assigned,,,
Lifestyle,BAGS,Cases,Dopp Kit,Not assigned,,,
Lifestyle,BAGS,Cases,Laptop Sleeve Case,Not assigned,,,
Lifestyle,BAGS,Cases,Packing Organizer,Not assigned,,,
Lifestyle,BAGS,Cases,Stuff Sack,Not assigned,,,
Lifestyle,BAGS,Cases,Tablet Sleeve Case,Not assigned,,,
Lifestyle,BAGS,Cases,Toiletry,Not assigned,,,
Lifestyle,BAGS,Cases,Trashbag,Not assigned,,,
Lifestyle,BAGS,Cases,ORGANIZER,Not assigned,,,
Lifestyle,BAGS,Hand Bag,Reguler Hand bag,Not assigned,,,
Lifestyle,BAGS,Cycling Bag,Handlebar Bag,Not assigned,,,
Lifestyle,BAGS,Cycling Bag,Saddle Bag,Not assigned,,,
Lifestyle,BAGS,Cycling Bag,Top Tube Bag,Not assigned,,,
Lifestyle,BAGS,Cycling Bag,Bike Carrier,Folding Bike,,,
Lifestyle,BAGS,Special Purpose Bag,Lunch Bag,Two ways carry,,,
Lifestyle,BAGS,Special Purpose Bag,ORGANIZER,Not assigned,,,
Lifestyle,ACCESSORIES,Wallet,Long,Threefold,,,
Lifestyle,ACCESSORIES,Wallet,Long,Long Wallet,,,
Lifestyle,ACCESSORIES,Wallet,Short,Bifold,,,
Lifestyle,ACCESSORIES,Wallet,Short,Threefold,,,
Lifestyle,ACCESSORIES,Wallet,Short,Neck Wallet,,,
Lifestyle,ACCESSORIES,Wallet,Short,Zipper Wallet,,,
Lifestyle,ACCESSORIES,Wallet,Short,Passport Wallet,,,
Lifestyle,ACCESSORIES,Wallet,Short,Key Wallet,,,
Lifestyle,ACCESSORIES,Wallet,Short,Coin Wallet,,,
Lifestyle,ACCESSORIES,Wallet,Short,Not assigned,,,
Lifestyle,ACCESSORIES,Wallet,Card Holder Wallet,Card Wallet,,,
Lifestyle,ACCESSORIES,Travel Accessories,Luggage Lock,Not assigned,,,
Lifestyle,ACCESSORIES,Travel Accessories,Travel Set,Not assigned,,,
Lifestyle,ACCESSORIES,Travel Accessories,Strap,Not assigned,,,
Lifestyle,ACCESSORIES,Chain Accessories,Keychain,Not assigned,,,
Lifestyle,ACCESSORIES,Gadget Accessories,Hp Case,Not assigned,,,
Lifestyle,ACCESSORIES,Graphic Accessories,Pin,Not assigned,,,
Lifestyle,ACCESSORIES,Graphic Accessories,Sticker,Not assigned,,,
Lifestyle,ACCESSORIES,Graphic Accessories,Stitch Patch,Not assigned,,,
Lifestyle,ACCESSORIES,Graphic Accessories,Velcro Patch,Not assigned,,,
Lifestyle,ACCESSORIES,Jewelry,Bracelet,Not assigned,,,
Lifestyle,ACCESSORIES,Belts,Clip Belt,Not assigned,,,
Lifestyle,ACCESSORIES,Belts,Flip Belt,N/A,,,
Lifestyle,ACCESSORIES,Belts,Flip Belt,Not assigned,,,
Lifestyle,ACCESSORIES,Belts,Pin Belt,Not assigned,,,
Lifestyle,ACCESSORIES,Belts,Ring Belt,Not assigned,,,
Lifestyle,ACCESSORIES,Belts,Tongue Belt,Not assigned,,,
Lifestyle,ACCESSORIES,Watches,Analog,Not assigned,,,
Lifestyle,ACCESSORIES,Watches,Analog Chrono,Not assigned,,,
Lifestyle,ACCESSORIES,Watches,Digital,Not assigned,,,
Lifestyle,ACCESSORIES,Sunglasses,Casual Glasses,Aviator,,,
Lifestyle,ACCESSORIES,Sunglasses,Casual Glasses,Browline,,,
Lifestyle,ACCESSORIES,Sunglasses,Casual Glasses,Square,,,
Lifestyle,ACCESSORIES,Masker Strap,Basic,Webbing,,,
Lifestyle,ACCESSORIES,Masker Strap,Basic,String,,,
Lifestyle,EQUIPMENT,Tents,Camping Tent,Vis a Vis,,,
Lifestyle,EQUIPMENT,Tents,SHELTER,Pop Up / Quick Build,,,
Lifestyle,EQUIPMENT,Tents,AWNING,CAR,,,
Lifestyle,EQUIPMENT,Tents,TEEPE TENT,N/A,,,
Lifestyle,EQUIPMENT,Sleeping Bag,Regular,Rectangular Sleeping Bag,,,
Lifestyle,EQUIPMENT,Sleeping Accs,Blanket,Regular Blanket,,,
Lifestyle,EQUIPMENT,Mat & Cot,Sajadah,Regular,,,
Lifestyle,EQUIPMENT,Mat & Cot,Sajadah,Not assigned,,,
Lifestyle,EQUIPMENT,Mat & Cot,MATTRESS,Not assigned,,,
Lifestyle,EQUIPMENT,Water Storage,Bottle,Plastic,,,
Lifestyle,EQUIPMENT,Water Storage,Bottle,Stainless Steel,,,
Lifestyle,EQUIPMENT,Water Storage,Bottle,Not assigned,,,
Lifestyle,EQUIPMENT,Water Storage,Flask,Stainless Steel,,,
Lifestyle,EQUIPMENT,Kitchenware,Cup,Enamel,,,
Lifestyle,EQUIPMENT,Kitchenware,Cutlery,Stainless,,,
Lifestyle,EQUIPMENT,Kitchenware,Mug,Enamel,,,
Lifestyle,EQUIPMENT,Kitchenware,Mug,Stainless,,,
Lifestyle,EQUIPMENT,Kitchenware,TABLEWARE SET,Stainless Steel,,,
Lifestyle,EQUIPMENT,Fire Equipment,Stove,Gas Stove,,,
Lifestyle,EQUIPMENT,Storage,Dry Bag,Oval,,,
Lifestyle,EQUIPMENT,Storage,STORAGE BOX,Plastic,,,
Lifestyle,EQUIPMENT,Towel,Packable / Compact,Not assigned,,,
Lifestyle,EQUIPMENT,Towel,Regular,Not assigned,,,
Lifestyle,EQUIPMENT,Chair,Single,Foldable,,,
Lifestyle,EQUIPMENT,Care & Repair,WATERPROOF SPRAY,Not assigned,,,
Lifestyle,EQUIPMENT,Table,Foldable,Not assigned,,,
Lifestyle,FOOTWEAR,Shoes,High-cut shoes,Classic,,priority labelling,
Lifestyle,FOOTWEAR,Shoes,Low-cut shoes,Sneakers,,1. mgh_2 100% records labelled correct,
Lifestyle,FOOTWEAR,Shoes,Low-cut shoes,Classic,,"2. mgh_3, mgh_4, product_type 100% follow tree taxonomy, label accuracy follow 80% gmv by month",
Lifestyle,FOOTWEAR,Shoes,Low-cut shoes,Mix,,,
Lifestyle,FOOTWEAR,Shoes,Low-cut shoes,Not assigned,,,
Lifestyle,FOOTWEAR,Shoes,Mid-cut shoes,Sneakers,,,
Lifestyle,FOOTWEAR,Shoes,Mid-cut shoes,Classic,,,
Lifestyle,FOOTWEAR,Shoes,Mid-cut shoes,Not assigned,,,
Lifestyle,FOOTWEAR,Shoes,Slip On,Mix,,,
Lifestyle,FOOTWEAR,Shoes,Not Assigned,Not assigned,,,
Lifestyle,FOOTWEAR,Boots,High Cut Boots,Classic,,,
Lifestyle,FOOTWEAR,Boots,Mid Cut Boots,Chukka,,,
Lifestyle,FOOTWEAR,Boots,Mid Cut Boots,Classic,,,
Lifestyle,FOOTWEAR,Boots,Mid Cut Boots,Mix,,,
Lifestyle,FOOTWEAR,Sandal,Pinch Roll Strap,N/A,,,
Lifestyle,FOOTWEAR,Sandal,Pinch Roll Strap,Not assigned,,,
Lifestyle,FOOTWEAR,Sandal,Pinch Strap,Mix,,,
Lifestyle,FOOTWEAR,Sandal,Pinch Strap,N/A,,,
Lifestyle,FOOTWEAR,Sandal,Pinch Strap,Not assigned,,,
Lifestyle,FOOTWEAR,Sandal,Roll Strap,Classic,,,
Lifestyle,FOOTWEAR,Sandal,Roll Strap,Mix,,,
Lifestyle,FOOTWEAR,Sandal,Roll Strap,N/A,,,
Lifestyle,FOOTWEAR,Sandal,Roll Strap,Not assigned,,,
Lifestyle,FOOTWEAR,Sandal,Slip On,Classic,,,
Lifestyle,FOOTWEAR,Sandal,Slip On,Mix,,,
Lifestyle,FOOTWEAR,Sandal,Slip On,Not assigned,,,
Lifestyle,FOOTWEAR,Sandal,Toe Sandal,Mix,,,
Lifestyle,FOOTWEAR,Sock,Invisible Sock,Not assigned,,,
Lifestyle,FOOTWEAR,Sock,Low Cut Sock,Not assigned,,,
Lifestyle,FOOTWEAR,Sock,Mid Cut Sock,Not assigned,,,
Lifestyle,FOOTWEAR,Sock,NO SHOW,Not assigned,,,
Lifestyle,FOOTWEAR,Sock,MICRO,Not assigned,,,
Lifestyle,FOOTWEAR,Sock,SHORT CUT SOCKS,Not assigned,,,
Lifestyle,FOOTWEAR,Boot Cover,Low Cut Boot Cover,Not assigned,,,
Lifestyle,FOOTWEAR,Shoelace,ROUND,Not assigned,,,
Lifestyle,FOOTWEAR,Shoelace,FLAT,Polyester,,,
Lifestyle,FOOTWEAR,Shoelace,FLAT,ELASTIC,,,
Lifestyle,HEADWEAR,Caps,Active Caps,Pannel Caps,,,
Lifestyle,HEADWEAR,Caps,Fashion Caps,Trucker Caps,,,
Lifestyle,HEADWEAR,Caps,Fashion Caps,Miki Caps,,,
Lifestyle,HEADWEAR,Caps,Fashion Caps,Camper Caps,,,
Lifestyle,HEADWEAR,Caps,Fashion Caps,Baseball Caps,,,
Lifestyle,HEADWEAR,Caps,Fashion Caps,Commando Caps,,,
Lifestyle,HEADWEAR,Caps,Fashion Caps,Pannel Caps,,,
Lifestyle,HEADWEAR,Caps,Fashion Caps,Snapback Caps,,,
Lifestyle,HEADWEAR,Caps,Fashion Caps,Flat Cap,,,
Lifestyle,HEADWEAR,Caps,Fashion Caps,Panel Cap,,,
Lifestyle,HEADWEAR,Caps,Fashion Caps,N/A,,,
Lifestyle,HEADWEAR,Caps,Fashion Caps,Not assigned,,,
Lifestyle,HEADWEAR,Hats,Active Hats,Sun Hats,,,
Lifestyle,HEADWEAR,Hats,Active Hats,Bucket Hats,,,
Lifestyle,HEADWEAR,Hats,Fashion Caps,Not assigned,,,
Lifestyle,HEADWEAR,Hats,Fashion Hats,Sun Hats,,,
Lifestyle,HEADWEAR,Hats,Fashion Hats,Bucket Hats,,,
Lifestyle,HEADWEAR,Hats,Fashion Hats,Not assigned,,,
Lifestyle,HEADWEAR,Beanies,Regular Beanies,Knitted,,,
Lifestyle,HEADWEAR,Beanies,Regular Beanies,Knitting,,,
Lifestyle,HEADWEAR,Bandana,Classic Bandana,Regular Bandana,,,
Lifestyle,HEADWEAR,Scarf,Multifunction Bandan,Not assigned,,,
Lifestyle,HEADWEAR,Scarf,Knitted,Regular,,,
Lifestyle,HEADWEAR,Scarf,Knitted,Not assigned,,,
Lifestyle,HEADWEAR,Face Shield,Adjustable,Not assigned,,,
Lifestyle,HEADWEAR,Masker,2 Ply masker,Ear Loop,,,
Lifestyle,HEADWEAR,Masker,3 Ply masker,Ear Loop,,,
Lifestyle,HEADWEAR,Masker,3 Ply masker,Head Loop (Hijab),,,
Lifestyle,HEADWEAR,Masker,Not Assigned,Ear Loop,,,
Lifestyle,HEADWEAR,Masker,Not Assigned,Not assigned,,,
Mountaineering,APPAREL,Pants,Pants (regular),Cargo,,,
Mountaineering,APPAREL,Pants,Pants (regular),Sweat pants,,,
Mountaineering,APPAREL,Pants,Pants (regular),Jogger,,,
Mountaineering,APPAREL,Pants,Pants (regular),5 pockets,,,
Mountaineering,APPAREL,Pants,Pants (regular),Flat fronts,,,
Mountaineering,APPAREL,Pants,Pants (regular),Capris,,,
Mountaineering,APPAREL,Pants,Pants (regular),Leggings,,,
Mountaineering,APPAREL,Pants,Pants (regular),Culottes,,,
Mountaineering,APPAREL,Pants,Pants (regular),Convertible Pants,,,
Mountaineering,APPAREL,Pants,Pants (regular),Not assigned,,,
Mountaineering,APPAREL,Pants,Pants (Technical),Cargo,,,
Mountaineering,APPAREL,Pants,Pants (Technical),Sweat pants,,,
Mountaineering,APPAREL,Pants,Pants (Technical),Jogger,,,
Mountaineering,APPAREL,Pants,Pants (Technical),5 pockets,,,
Mountaineering,APPAREL,Pants,Pants (Technical),Flat fronts,,,
Mountaineering,APPAREL,Pants,Pants (Technical),Capris,,,
Mountaineering,APPAREL,Pants,Pants (Technical),Leggings,,,
Mountaineering,APPAREL,Pants,Pants (Technical),Convertible Pants,,,
Mountaineering,APPAREL,Pants,Pants (Technical),Not assigned,,,
Mountaineering,APPAREL,Pants,Windproof Jacket,Not assigned,,,
Mountaineering,APPAREL,Pants,Not Assigned,Not assigned,,,
Mountaineering,APPAREL,Shorts,Shorts (regular),Cargo,,,
Mountaineering,APPAREL,Shorts,Shorts (regular),Bermuda,,,
Mountaineering,APPAREL,Shorts,Shorts (regular),Board short,,,
Mountaineering,APPAREL,Shorts,Shorts (regular),Skorts,,,
Mountaineering,APPAREL,Shorts,Shorts (regular),Chinos short,,,
Mountaineering,APPAREL,Shorts,Shorts (regular),Not assigned,,,
Mountaineering,APPAREL,Shorts,Shorts (Technical),Cargo,,,
Mountaineering,APPAREL,Shorts,Shorts (Technical),Flat fronts,,,
Mountaineering,APPAREL,Shorts,Shorts (Technical),Bermuda,,,
Mountaineering,APPAREL,Shorts,Shorts (Technical),Board short,,,
Mountaineering,APPAREL,Shorts,Shorts (Technical),Chinos short,,,
Mountaineering,APPAREL,Shorts,Shorts (Technical),Knee - length,,,
Mountaineering,APPAREL,Shorts,Shorts (Technical),Regular,,,
Mountaineering,APPAREL,Shorts,Not Assigned,Not assigned,,,
Mountaineering,APPAREL,Shirt,Shirt (long sleeves),Regular shirt,,,
Mountaineering,APPAREL,Shirt,Shirt (long sleeves),Pattern shirt,,,
Mountaineering,APPAREL,Shirt,Shirt (long sleeves),Convertible shirt,,,
Mountaineering,APPAREL,Shirt,Shirt (long sleeves),Not assigned,,,
Mountaineering,APPAREL,Shirt,Shirt (short sleeves),Regular shirt,,,
Mountaineering,APPAREL,Shirt,Shirt (short sleeves),Pattern shirt,,,
Mountaineering,APPAREL,Shirt,Shirt (short sleeves),Not assigned,,,
Mountaineering,APPAREL,Shirt,Not Assigned,Not assigned,,,
Mountaineering,APPAREL,Top,Henley,Crew Neck,,,
Mountaineering,APPAREL,Top,Polo shirt (long sleeves),Regular polo,,,
Mountaineering,APPAREL,Top,Polo shirt (long sleeves),Not assigned,,,
Mountaineering,APPAREL,Top,Polo shirt (short sleeves),V-Neck,,,
Mountaineering,APPAREL,Top,Polo shirt (short sleeves),Turtleneck,,,
Mountaineering,APPAREL,Top,Polo shirt (short sleeves),Regular polo,,,
Mountaineering,APPAREL,Top,Polo shirt (short sleeves),Pattern polo,,,
Mountaineering,APPAREL,Top,Polo shirt (short sleeves),Pocket polo,,,
Mountaineering,APPAREL,Top,Polo shirt (short sleeves),Not assigned,,,
Mountaineering,APPAREL,Top,T-Shirt (long sleeves),Crew Neck,,,
Mountaineering,APPAREL,Top,T-Shirt (long sleeves),Hooded,,,
Mountaineering,APPAREL,Top,T-Shirt (long sleeves),Crew Neck Jumper,,,
Mountaineering,APPAREL,Top,T-Shirt (long sleeves),Long sleeve top,,,
Mountaineering,APPAREL,Top,T-Shirt (long sleeves),Not assigned,,,
Mountaineering,APPAREL,Top,T-Shirt (short sleeves),Pattern shirt,,,
Mountaineering,APPAREL,Top,T-Shirt (short sleeves),Crew Neck,,,
Mountaineering,APPAREL,Top,T-Shirt (short sleeves),Turtleneck,,,
Mountaineering,APPAREL,Top,T-Shirt (short sleeves),Short sleeve top,,,
Mountaineering,APPAREL,Top,T-Shirt (short sleeves),Not assigned,,,
Mountaineering,APPAREL,Top,T-Shirt (sleeveless),Crew Neck,,,
Mountaineering,APPAREL,Top,T-Shirt (sleeveless),Not assigned,,,
Mountaineering,APPAREL,Top,JERSEY,Crew Neck,,,
Mountaineering,APPAREL,Top,Not Assigned,Not assigned,,,
Mountaineering,APPAREL,Jacket,Fleece Jacket,Hooded,,,
Mountaineering,APPAREL,Jacket,Fleece Jacket,Non Hooded,,,
Mountaineering,APPAREL,Jacket,Insulated Jacket,Hooded,,,
Mountaineering,APPAREL,Jacket,Insulated Jacket,Non Hooded,,,
Mountaineering,APPAREL,Jacket,Jack Shirt,Parka,,,
Mountaineering,APPAREL,Jacket,Softshell Jacket,Hooded,,,
Mountaineering,APPAREL,Jacket,Softshell Jacket,Non Hooded,,,
Mountaineering,APPAREL,Jacket,Waterproof Jacket,Hooded,,,
Mountaineering,APPAREL,Jacket,Waterproof Jacket,Non Hooded,,,
Mountaineering,APPAREL,Jacket,Windproof Jacket,Hooded,,,
Mountaineering,APPAREL,Jacket,Windproof Jacket,Non Hooded,,,
Mountaineering,APPAREL,Jacket,Windproof Jacket,Parka,,,
Mountaineering,APPAREL,Jacket,Windproof Jacket,Bomber,,,
Mountaineering,APPAREL,Jacket,Windproof Jacket,Anorak,,,
Mountaineering,APPAREL,Jacket,Windproof Jacket,Coach,,,
Mountaineering,APPAREL,Jacket,Windproof Jacket,Harrington,,,
Mountaineering,APPAREL,Jacket,Windproof Jacket,Not assigned,,,
Mountaineering,APPAREL,Jacket,Not Assigned,Not assigned,,,
Mountaineering,APPAREL,Sweater,Hoodie,Not assigned,,,
Mountaineering,APPAREL,Sweater,Hoodie (non-zip),Hooded,,,
Mountaineering,APPAREL,Sweater,Hoodie (non-zip),Crew Neck Jumper,,,
Mountaineering,APPAREL,Sweater,Hoodie (non-zip),Sweatshirt,,,
Mountaineering,APPAREL,Sweater,Hoodie (zip),Sweatshirt,,,
Mountaineering,APPAREL,Sweater,Non-hoodie (non-zip),Non Hooded,,,
Mountaineering,APPAREL,Sweater,Non-hoodie (zip),Sweatshirt,,,
Mountaineering,APPAREL,Rainwear,Poncho,Hooded,,,
Mountaineering,APPAREL,Rainwear,Poncho,Not assigned,,,
Mountaineering,APPAREL,Rainwear,Rainsuit,Hooded,,,
Mountaineering,APPAREL,Rainwear,Rainsuit,Not assigned,,,
Mountaineering,APPAREL,Vest,Fleece Vest,Non Hooded,,,
Mountaineering,APPAREL,Vest,Insulated Vest,Hooded,,,
Mountaineering,APPAREL,Vest,Insulated Vest,Non Hooded,,,
Mountaineering,APPAREL,Vest,Insulated Vest,Not assigned,,,
Mountaineering,APPAREL,Vest,Windproof Vest,Hooded,,,
Mountaineering,APPAREL,Vest,Windproof Vest,Non Hooded,,,
Mountaineering,APPAREL,Vest,Windproof Vest,Not assigned,,,
Mountaineering,APPAREL,Baselayer,Bottom,Full length bottom,,,
Mountaineering,APPAREL,Baselayer,Top,Long sleeve top,,,
Mountaineering,APPAREL,Baselayer,Top,Half zip top,,,
Mountaineering,APPAREL,Underwear,Boxer Briefs,Boy Short,,,
Mountaineering,APPAREL,Underwear,Panties,Boy Short,,,
Mountaineering,APPAREL,Underwear,Sport Bra,Boy Short,,,
Mountaineering,APPAREL,Safety Coverall,Medical Coverall,Not assigned,,,
Mountaineering,APPAREL,Safety Coverall,Lifestyle Coverall,Not assigned,,,
Mountaineering,APPAREL,Safety Coverall,Not Assigned,Not assigned,,,
Mountaineering,BAGS,Backpack,Camera,Daypack,,,
Mountaineering,BAGS,Backpack,Daypack,Three Ways Carry,,,
Mountaineering,BAGS,Backpack,Daypack,Packable,,,
Mountaineering,BAGS,Backpack,Daypack,Daypack,,,
Mountaineering,BAGS,Backpack,Daypack,N/A,,,
Mountaineering,BAGS,Backpack,Daypack,Not assigned,,,
Mountaineering,BAGS,Backpack,First Aid Pack,Two ways carry,,,
Mountaineering,BAGS,Backpack,First Aid Pack,Not assigned,,,
Mountaineering,BAGS,Backpack,Hydropack,Fixed Harness,,,
Mountaineering,BAGS,Backpack,Hydropack,Daypack,,,
Mountaineering,BAGS,Backpack,Hydropack,Not assigned,,,
Mountaineering,BAGS,Backpack,Laptop,Two ways carry,,,
Mountaineering,BAGS,Backpack,Laptop,Three Ways Carry,,,
Mountaineering,BAGS,Backpack,Laptop,Daypack,,,
Mountaineering,BAGS,Backpack,Laptop,Not assigned,,,
Mountaineering,BAGS,Backpack,Rucksack,Adjustable Harness,,,
Mountaineering,BAGS,Backpack,Rucksack,Fixed Harness,,,
Mountaineering,BAGS,Backpack,Rucksack,Daypack,,,
Mountaineering,BAGS,Backpack,Rucksack,Not assigned,,,
Mountaineering,BAGS,Backpack,Shoes Bag,Two ways carry,,,
Mountaineering,BAGS,Backpack,Shoes Bag,Daypack,,,
Mountaineering,BAGS,Backpack,Technical,Fixed Harness,,,
Mountaineering,BAGS,Backpack,Technical,Daypack,,,
Mountaineering,BAGS,Backpack,Technical,Not assigned,,,
Mountaineering,BAGS,Backpack,Wheeled Backpack,Daypack,,,
Mountaineering,BAGS,Backpack,Travel Backpack,Not assigned,,,
Mountaineering,BAGS,Backpack,SHOPPING BAG,SHOPPING BAG,,,
Mountaineering,BAGS,Backpack,RANGE BAG BACKPACK,Not assigned,,,
Mountaineering,BAGS,Shoulder Bag,Camera,Not assigned,,,
Mountaineering,BAGS,Shoulder Bag,Chest Pack,Not assigned,,,
Mountaineering,BAGS,Shoulder Bag,Cross Sling Bag,N/A,,,
Mountaineering,BAGS,Shoulder Bag,Cross Sling Bag,Not assigned,,,
Mountaineering,BAGS,Shoulder Bag,Daypack,Packable,,,
Mountaineering,BAGS,Shoulder Bag,Laptop Shoulder Bag,Not assigned,,,
Mountaineering,BAGS,Shoulder Bag,Regular Shoulder Bag,Packable,,,
Mountaineering,BAGS,Shoulder Bag,Regular Shoulder Bag,Basic Shoulder Bag,,,
Mountaineering,BAGS,Shoulder Bag,Regular Shoulder Bag,Not assigned,,,
Mountaineering,BAGS,Shoulder Bag,Tablet Shoulder Bag,Basic Shoulder Bag,,,
Mountaineering,BAGS,Shoulder Bag,Tablet Shoulder Bag,Not assigned,,,
Mountaineering,BAGS,Shoulder Bag,Tote Bag,Packable,,,
Mountaineering,BAGS,Shoulder Bag,Tote Bag,Two Ways carry tote bag,,,
Mountaineering,BAGS,Shoulder Bag,Travel Pouch,Not assigned,,,
Mountaineering,BAGS,Shoulder Bag,SHOPPING BAG,Packable,,,
Mountaineering,BAGS,Duffle,Regular Duffle,Two ways carry,,,
Mountaineering,BAGS,Duffle,Regular Duffle,Three Ways Carry,,,
Mountaineering,BAGS,Duffle,Regular Duffle,Packable,,,
Mountaineering,BAGS,Duffle,Regular Duffle,Not assigned,,,
Mountaineering,BAGS,Duffle,RANGE BAG DUFFLE,Not assigned,,,
Mountaineering,BAGS,Duffle,Hauler Bags,Not assigned,,,
Mountaineering,BAGS,Luggage,Wheeled Duffle,Two ways carry,,,
Mountaineering,BAGS,Luggage,Wheeled Duffle,Two Wheeled,,,
Mountaineering,BAGS,Waist Bag,Lumbar Bag,Two ways carry,,,
Mountaineering,BAGS,Waist Bag,Lumbar Bag,Packable,,,
Mountaineering,BAGS,Waist Bag,Lumbar Bag,Not assigned,,,
Mountaineering,BAGS,Waist Bag,Regular Waist Bag,Packable,,,
Mountaineering,BAGS,Waist Bag,Regular Waist Bag,N/A,,,
Mountaineering,BAGS,Waist Bag,Regular Waist Bag,Not assigned,,,
Mountaineering,BAGS,Waist Bag,Technical Waist Bag,Not assigned,,,
Mountaineering,BAGS,Pouch,Digital Pouch,Not assigned,,,
Mountaineering,BAGS,Pouch,Legpack,Polyester,,,
Mountaineering,BAGS,Pouch,Legpack,Not assigned,,,
Mountaineering,BAGS,Pouch,Passport Pouch,Not assigned,,,
Mountaineering,BAGS,Pouch,Regular Shoulder Bag,Not assigned,,,
Mountaineering,BAGS,Pouch,Regular Waist Bag,Not assigned,,,
Mountaineering,BAGS,Pouch,Tablet Shoulder Bag,Not assigned,,,
Mountaineering,BAGS,Pouch,Travel Pouch,Polyester,,,
Mountaineering,BAGS,Pouch,Travel Pouch,Nylon,,,
Mountaineering,BAGS,Pouch,Travel Pouch,Not assigned,,,
Mountaineering,BAGS,Pouch,Protect Kit / Pouch,Polyester,,,
Mountaineering,BAGS,Pouch,Protect Kit / Pouch,Nylon,,,
Mountaineering,BAGS,Pouch,Protect Kit / Pouch,Not assigned,,,
Mountaineering,BAGS,Pouch,Bottle Pouch,Not assigned,,,
Mountaineering,BAGS,Pouch,GUN MAGAZINE,Not assigned,,,
Mountaineering,BAGS,Cases,Cable Case,Not assigned,,,
Mountaineering,BAGS,Cases,Daypack,Not assigned,,,
Mountaineering,BAGS,Cases,Digital Pouch,N/A,,,
Mountaineering,BAGS,Cases,Digital Pouch,Not assigned,,,
Mountaineering,BAGS,Cases,Dopp Kit,Not assigned,,,
Mountaineering,BAGS,Cases,First Aid Case,Not assigned,,,
Mountaineering,BAGS,Cases,Laptop Sleeve Case,Not assigned,,,
Mountaineering,BAGS,Cases,Money Belt,Not assigned,,,
Mountaineering,BAGS,Cases,Shoes Bag,Not assigned,,,
Mountaineering,BAGS,Cases,Stuff Sack,Not assigned,,,
Mountaineering,BAGS,Cases,Toiletry,Not assigned,,,
Mountaineering,BAGS,Cases,Trashbag,Packable,,,
Mountaineering,BAGS,Cases,Trashbag,Not assigned,,,
Mountaineering,BAGS,Cases,Chalk Bag,Not assigned,,,
Mountaineering,BAGS,Cases,ORGANIZER,Not assigned,,,
Mountaineering,BAGS,Cases,GUN ORGANIZER,Not assigned,,,
Mountaineering,BAGS,Cases,GUN SOFT CASE,Not assigned,,,
Mountaineering,BAGS,Cases,Not Assigned,Not assigned,,,
Mountaineering,BAGS,Hand Bag,SHOPPING BAG,Not assigned,,,
Mountaineering,BAGS,Cycling Bag,Handlebar Bag,GRAVEL BIKE,,,
Mountaineering,BAGS,Cycling Bag,Handlebar Bag,Not assigned,,,
Mountaineering,BAGS,Cycling Bag,Panniers,Not assigned,,,
Mountaineering,BAGS,Cycling Bag,Saddle Bag,Not assigned,,,
Mountaineering,BAGS,Cycling Bag,Top Tube Bag,Not assigned,,,
Mountaineering,BAGS,Cycling Bag,Triangle Bag,Not assigned,,,
Mountaineering,BAGS,Cycling Bag,TRUNK BAG,Not assigned,,,
Mountaineering,BAGS,Special Purpose Bag,Hydropack,Trail Running,,,
Mountaineering,BAGS,Pistol Cover,PISTOL DUST COVER,Not assigned,,,
Mountaineering,BAGS,Trolley Bag,RANGE TROLLEY,Not assigned,,,
Mountaineering,BAGS,Backpack Trolley,RANGE BACKPACK TROLL,Not assigned,,,
Mountaineering,ACCESSORIES,Wallet,Long,Bifold,,,
Mountaineering,ACCESSORIES,Wallet,Long,Long Wallet,,,
Mountaineering,ACCESSORIES,Wallet,Long,Not assigned,,,
Mountaineering,ACCESSORIES,Wallet,Short,Bifold,,,
Mountaineering,ACCESSORIES,Wallet,Short,Threefold,,,
Mountaineering,ACCESSORIES,Wallet,Short,Neck Wallet,,,
Mountaineering,ACCESSORIES,Wallet,Short,Zipper Wallet,,,
Mountaineering,ACCESSORIES,Wallet,Short,Passport Wallet,,,
Mountaineering,ACCESSORIES,Wallet,Short,Not assigned,,,
Mountaineering,ACCESSORIES,Wallet,Card Holder Wallet,Card Wallet,,,
Mountaineering,ACCESSORIES,Travel Accessories,Strap,Not assigned,,,
Mountaineering,ACCESSORIES,Chain Accessories,Keychain,Not assigned,,,
Mountaineering,ACCESSORIES,Chain Accessories,Wallet chain,Not assigned,,,
Mountaineering,ACCESSORIES,Gadget Accessories,Hp Case,Not assigned,,,
Mountaineering,ACCESSORIES,Graphic Accessories,Pin,Not assigned,,,
Mountaineering,ACCESSORIES,Graphic Accessories,Sticker,Not assigned,,,
Mountaineering,ACCESSORIES,Graphic Accessories,Velcro Patch,Not assigned,,,
Mountaineering,ACCESSORIES,Jewelry,Bracelet,Not assigned,,,
Mountaineering,ACCESSORIES,Belts,Clip Belt,Not assigned,,,
Mountaineering,ACCESSORIES,Belts,Flip Belt,Not assigned,,,
Mountaineering,ACCESSORIES,Belts,Pin Belt,Not assigned,,,
Mountaineering,ACCESSORIES,Belts,Ring Belt,Not assigned,,,
Mountaineering,ACCESSORIES,Belts,HOLDER BELT,Not assigned,,,
Mountaineering,ACCESSORIES,Watches,Analog,Not assigned,,,
Mountaineering,ACCESSORIES,Watches,Analog Chrono,Not assigned,,,
Mountaineering,ACCESSORIES,Watches,Analog-Digital,Not assigned,,,
Mountaineering,ACCESSORIES,Watches,Digital,Not assigned,,,
Mountaineering,ACCESSORIES,Sunglasses,Sport Glasses,Sport,,,
Mountaineering,ACCESSORIES,Sunglasses,Safety Glasses,Not assigned,,,
Mountaineering,ACCESSORIES,Bands,Head Bands,Not assigned,,,
Mountaineering,ACCESSORIES,Bands,Wrist Bands,Not assigned,,,
Mountaineering,ACCESSORIES,Masker Strap,Basic,String,,,
Mountaineering,ACCESSORIES,Manset,Without  Thumb Hole,Not assigned,,,
Mountaineering,ACCESSORIES,C16,Magazine Pouch,Not assigned,,,
Mountaineering,ACCESSORIES,C16,Pistol Plate,Not assigned,,,
Mountaineering,ACCESSORIES,C16,Holster Plate,Not assigned,,,
Mountaineering,ACCESSORIES,C16,Belt Retainer,Not assigned,,,
Mountaineering,EQUIPMENT,Gloves,Fold-Over Gloves,Knitted,,,
Mountaineering,EQUIPMENT,Gloves,Full Gloves,Knitted,,,
Mountaineering,EQUIPMENT,Gloves,Full Gloves,Fleece,,,
Mountaineering,EQUIPMENT,Gloves,Full Gloves,Mix,,,
Mountaineering,EQUIPMENT,Gloves,Full Gloves,Not assigned,,,
Mountaineering,EQUIPMENT,Gloves,Half-Gloves,Mix,,,
Mountaineering,EQUIPMENT,Gloves,Half-Gloves,Not assigned,,,
Mountaineering,EQUIPMENT,Gloves,MITTEN GLOVES,Knitted,,,
Mountaineering,EQUIPMENT,Gloves,MITTEN GLOVES,Mix,,,
Mountaineering,EQUIPMENT,Bag Cover,> 45L,Polyester,,,
Mountaineering,EQUIPMENT,Bag Cover,> 45L,Nylon,,,
Mountaineering,EQUIPMENT,Bag Cover,> 45L,PVC,,,
Mountaineering,EQUIPMENT,Bag Cover,> 45L,Not assigned,,,
Mountaineering,EQUIPMENT,Bag Cover,20 - 25L,Polyester,,,
Mountaineering,EQUIPMENT,Bag Cover,20 - 25L,Nylon,,,
Mountaineering,EQUIPMENT,Bag Cover,20 - 25L,PVC,,,
Mountaineering,EQUIPMENT,Bag Cover,20 - 25L,Not assigned,,,
Mountaineering,EQUIPMENT,Bag Cover,25 - 30L,Nylon,,,
Mountaineering,EQUIPMENT,Bag Cover,30 - 35L,Polyester,,,
Mountaineering,EQUIPMENT,Bag Cover,30 - 35L,Nylon,,,
Mountaineering,EQUIPMENT,Bag Cover,30 - 35L,PVC,,,
Mountaineering,EQUIPMENT,Bag Cover,30 - 35L,Not assigned,,,
Mountaineering,EQUIPMENT,Bag Cover,35 - 45L,Nylon,,,
Mountaineering,EQUIPMENT,Bag Cover,35 - 45L,Not assigned,,,
Mountaineering,EQUIPMENT,Bag Cover,45 - 55L,Nylon,,,
Mountaineering,EQUIPMENT,Bag Cover,65 - 75L,Nylon,,,
Mountaineering,EQUIPMENT,Tents,Backpacking Tent,Tunnel,,,
Mountaineering,EQUIPMENT,Tents,Bivy Sacks,Rectangular,,,
Mountaineering,EQUIPMENT,Tents,Camping Tent,Mix,,,
Mountaineering,EQUIPMENT,Tents,Camping Tent,Vis a Vis,,,
Mountaineering,EQUIPMENT,Tents,Camping Tent,Dome,,,
Mountaineering,EQUIPMENT,Tents,Camping Tent,Tunnel,,,
Mountaineering,EQUIPMENT,Tents,Camping Tent,Not assigned,,,
Mountaineering,EQUIPMENT,Tents,Fly Sheet,Mix,,,
Mountaineering,EQUIPMENT,Tents,Fly Sheet,Rectangular,,,
Mountaineering,EQUIPMENT,Tents,Fly Sheet,Polygonal,,,
Mountaineering,EQUIPMENT,Tents,Motor Tent,Vis a Vis,,,
Mountaineering,EQUIPMENT,Tents,Rooftop Tent,Pop Up / Quick Build,,,
Mountaineering,EQUIPMENT,Tents,Shower Tent,Vis a Vis,,,
Mountaineering,EQUIPMENT,Tents,Shower Tent,Not assigned,,,
Mountaineering,EQUIPMENT,Tents,SHELTER,Pop Up / Quick Build,,,
Mountaineering,EQUIPMENT,Hammock,Double Hammock,Regular,,,
Mountaineering,EQUIPMENT,Hammock,Single Hammock,Regular,,,
Mountaineering,EQUIPMENT,Sleeping Bag,Regular,Regular,,,
Mountaineering,EQUIPMENT,Sleeping Bag,Regular,Rectangular Sleeping Bag,,,
Mountaineering,EQUIPMENT,Sleeping Bag,Regular,Mummy Sleeping Bag,,,
Mountaineering,EQUIPMENT,Sleeping Accs,Blanket,Emergency Blanket,,,
Mountaineering,EQUIPMENT,Mat & Cot,Camp Cot,Regular,,,
Mountaineering,EQUIPMENT,Mat & Cot,Camp Cot,Not assigned,,,
Mountaineering,EQUIPMENT,Mat & Cot,Folded Pad,Not assigned,,,
Mountaineering,EQUIPMENT,Mat & Cot,Regular Pad,Not assigned,,,
Mountaineering,EQUIPMENT,Mat & Cot,Sajadah,Polyester,,,
Mountaineering,EQUIPMENT,Mat & Cot,Sajadah,Regular,,,
Mountaineering,EQUIPMENT,Mat & Cot,Sajadah,Not assigned,,,
Mountaineering,EQUIPMENT,Pole,Trekking Pole,Adjustable,,,
Mountaineering,EQUIPMENT,Pole,Trekking Pole,Foldable,,,
Mountaineering,EQUIPMENT,Water Storage,Bladder,Silicone,,,
Mountaineering,EQUIPMENT,Water Storage,Bladder,Thermoplastic PolyUrethane (TP,,,
Mountaineering,EQUIPMENT,Water Storage,Bottle,Plastic,,,
Mountaineering,EQUIPMENT,Water Storage,Bottle,Stainless Steel,,,
Mountaineering,EQUIPMENT,Water Storage,Bottle,Silicone,,,
Mountaineering,EQUIPMENT,Water Storage,Bottle,Stainless,,,
Mountaineering,EQUIPMENT,Water Storage,Bottle,Not assigned,,,
Mountaineering,EQUIPMENT,Water Storage,Bucket,Plastic,,,
Mountaineering,EQUIPMENT,Water Storage,Bucket,Silicone,,,
Mountaineering,EQUIPMENT,Water Storage,Flask,Stainless Steel,,,
Mountaineering,EQUIPMENT,Water Storage,Flask,Thermoplastic PolyUrethane (TP,,,
Mountaineering,EQUIPMENT,Water Storage,Solar Shower,Silicone,,,
Mountaineering,EQUIPMENT,Water Storage,Water Cube,Plastic,,,
Mountaineering,EQUIPMENT,Kitchenware,Cooking Set,Plastic,,,
Mountaineering,EQUIPMENT,Kitchenware,Cooking Set,Aluminium,,,
Mountaineering,EQUIPMENT,Kitchenware,Cooking Set,Stainless Steel,,,
Mountaineering,EQUIPMENT,Kitchenware,Cooking Set,Enamel,,,
Mountaineering,EQUIPMENT,Kitchenware,Cup,Plastic,,,
Mountaineering,EQUIPMENT,Kitchenware,Cup,Enamel,,,
Mountaineering,EQUIPMENT,Kitchenware,Cup,Silicon,,,
Mountaineering,EQUIPMENT,Kitchenware,Cup,Stainless,,,
Mountaineering,EQUIPMENT,Kitchenware,Cup,Titanium,,,
Mountaineering,EQUIPMENT,Kitchenware,Cup,Not assigned,,,
Mountaineering,EQUIPMENT,Kitchenware,Cutlery,Stainless Steel,,,
Mountaineering,EQUIPMENT,Kitchenware,Cutlery,Enamel,,,
Mountaineering,EQUIPMENT,Kitchenware,Cutlery,Stainless,,,
Mountaineering,EQUIPMENT,Kitchenware,Egg Holder,Plastic,,,
Mountaineering,EQUIPMENT,Kitchenware,Egg Holder,Not assigned,,,
Mountaineering,EQUIPMENT,Kitchenware,Pot/Pan,Stainless Steel,,,
Mountaineering,EQUIPMENT,Kitchenware,Grill,Stainless,,,
Mountaineering,EQUIPMENT,Kitchenware,MUG & PLATE SET,Polypropylene,,,
Mountaineering,EQUIPMENT,Compass,Orienteering,N/A,,,
Mountaineering,EQUIPMENT,Compass,Orienteering,Not assigned,,,
Mountaineering,EQUIPMENT,Lighting Equipment,Head Lamp,Battery,,,
Mountaineering,EQUIPMENT,Lighting Equipment,Head Lamp,Rechargeable,,,
Mountaineering,EQUIPMENT,Lighting Equipment,Lantern,Battery,,,
Mountaineering,EQUIPMENT,Lighting Equipment,Lantern,Rechargeable,,,
Mountaineering,EQUIPMENT,Lighting Equipment,Torch,Battery,,,
Mountaineering,EQUIPMENT,Lighting Equipment,Torch,Rechargeable,,,
Mountaineering,EQUIPMENT,Lighting Equipment,Torch,Not assigned,,,
Mountaineering,EQUIPMENT,Lighting Equipment,Battery,RECHARGABLE,,,
Mountaineering,EQUIPMENT,Knives,Fix,Knife,,,
Mountaineering,EQUIPMENT,Knives,Fix,Machette,,,
Mountaineering,EQUIPMENT,Knives,Fix,Axe,,,
Mountaineering,EQUIPMENT,Knives,Folded,Knife,,,
Mountaineering,EQUIPMENT,Tools,Multi Tool,Knife,,,
Mountaineering,EQUIPMENT,Tools,Multi Tool,Not assigned,,,
Mountaineering,EQUIPMENT,Tools,Set Tool,Not assigned,,,
Mountaineering,EQUIPMENT,Tools,Single Tool,Stainless Steel,,,
Mountaineering,EQUIPMENT,Tools,Single Tool,Not assigned,,,
Mountaineering,EQUIPMENT,Tools,Pen,Glassbreaker Pen,,,
Mountaineering,EQUIPMENT,Fire Equipment,Stove,Gas Stove,,,
Mountaineering,EQUIPMENT,Fire Equipment,Stove,Not assigned,,,
Mountaineering,EQUIPMENT,Fire Equipment,Wind Shield,Not assigned,,,
Mountaineering,EQUIPMENT,Storage,Dry Bag,Flat,,,
Mountaineering,EQUIPMENT,Storage,Dry Bag,Oval,,,
Mountaineering,EQUIPMENT,Storage,Dry Bag,Round,,,
Mountaineering,EQUIPMENT,Storage,Trash Bin,Round,,,
Mountaineering,EQUIPMENT,Climbing Equipment,Carabiner,Neutral,,,
Mountaineering,EQUIPMENT,Climbing Equipment,Carabiner,Snap,,,
Mountaineering,EQUIPMENT,Climbing Equipment,Carabiner,Screw,,,
Mountaineering,EQUIPMENT,Climbing Equipment,Carabiner,Not assigned,,,
Mountaineering,EQUIPMENT,Climbing Equipment,Others,Neutral,,,
Mountaineering,EQUIPMENT,Climbing Equipment,Ropes,Neutral,,,
Mountaineering,EQUIPMENT,Climbing Equipment,Ropes,Not assigned,,,
Mountaineering,EQUIPMENT,Insect Protection,Net,Not assigned,,,
Mountaineering,EQUIPMENT,Pillow,Inflatable,Air,,,
Mountaineering,EQUIPMENT,Pillow,Inflatable,Not assigned,,,
Mountaineering,EQUIPMENT,Towel,Packable / Compact,Not assigned,,,
Mountaineering,EQUIPMENT,Towel,Regular,Not assigned,,,
Mountaineering,EQUIPMENT,Chair,Single,Foldable,,,
Mountaineering,EQUIPMENT,Chair,Single,Not assigned,,,
Mountaineering,EQUIPMENT,Chair,Stool,Foldable,,,
Mountaineering,EQUIPMENT,Tent Accessories,Organizer,Not assigned,,,
Mountaineering,EQUIPMENT,Tent Accessories,Pegs,Not assigned,,,
Mountaineering,EQUIPMENT,Tent Accessories,Pole,Not assigned,,,
Mountaineering,EQUIPMENT,Tent Accessories,Repair Kit,Not assigned,,,
Mountaineering,EQUIPMENT,Tent Accessories,Footprint,Dome,,,
Mountaineering,EQUIPMENT,Tent Accessories,Footprint,Tunnel,,,
Mountaineering,EQUIPMENT,Tent Accessories,Footprint,Not assigned,,,
Mountaineering,EQUIPMENT,Water Equipment,Boat,Not assigned,,,
Mountaineering,EQUIPMENT,Umbrella,Automatic,Not assigned,,,
Mountaineering,EQUIPMENT,Electronic Equipment,Sterilizer Box,Not assigned,,,
Mountaineering,EQUIPMENT,Emergency Equipment,Survival,Not assigned,,,
Mountaineering,EQUIPMENT,Emergency Equipment,Whistle,Not assigned,,,
Mountaineering,EQUIPMENT,Table,Foldable,Aluminium,,,
Mountaineering,EQUIPMENT,Table,Foldable,Not assigned,,,
Mountaineering,EQUIPMENT,Sanitary Equipment,BIDET,ELECTRIC,,,
Mountaineering,EQUIPMENT,Sanitary Equipment,BIDET,MANUAL,,,
Mountaineering,EQUIPMENT,Bags Equipment,SHOULDER PAD,Not assigned,,,
Mountaineering,EQUIPMENT,Trolley,FOLDABLE TROLLEY,Packable,,,
Mountaineering,FOOTWEAR,Shoes,High-cut shoes,Not assigned,,,
Mountaineering,FOOTWEAR,Shoes,Low-cut shoes,Sneakers,,,
Mountaineering,FOOTWEAR,Shoes,Low-cut shoes,Hiking,,,
Mountaineering,FOOTWEAR,Shoes,Low-cut shoes,Mix,,,
Mountaineering,FOOTWEAR,Shoes,Low-cut shoes,N/A,,,
Mountaineering,FOOTWEAR,Shoes,Low-cut shoes,Not assigned,,,
Mountaineering,FOOTWEAR,Shoes,Mid-cut shoes,Hiking,,,
Mountaineering,FOOTWEAR,Shoes,Mid-cut shoes,Mix,,,
Mountaineering,FOOTWEAR,Shoes,Mid-cut shoes,N/A,,,
Mountaineering,FOOTWEAR,Shoes,Mid-cut shoes,Not assigned,,,
Mountaineering,FOOTWEAR,Boots,High Cut Boots,Rubber,,,
Mountaineering,FOOTWEAR,Boots,High Cut Boots,Not assigned,,,
Mountaineering,FOOTWEAR,Boots,Mid Cut Boots,Hiking,,,
Mountaineering,FOOTWEAR,Boots,Mid-cut shoes,Hiking,,,
Mountaineering,FOOTWEAR,Sandal,Pinch Roll Strap,Not assigned,,,
Mountaineering,FOOTWEAR,Sandal,Pinch Strap,N/A,,,
Mountaineering,FOOTWEAR,Sandal,Pinch Strap,Not assigned,,,
Mountaineering,FOOTWEAR,Sandal,Roll Strap,Mix,,,
Mountaineering,FOOTWEAR,Sandal,Roll Strap,N/A,,,
Mountaineering,FOOTWEAR,Sandal,Roll Strap,Not assigned,,,
Mountaineering,FOOTWEAR,Sandal,Slip On,N/A,,,
Mountaineering,FOOTWEAR,Sandal,Slip On,Not assigned,,,
Mountaineering,FOOTWEAR,Sandal,Toe Sandal,Mix,,,
Mountaineering,FOOTWEAR,Sandal,Toe Sandal,Not assigned,,,
Mountaineering,FOOTWEAR,Sock,High Cut Sock,Not assigned,,,
Mountaineering,FOOTWEAR,Sock,Invisible Sock,Not assigned,,,
Mountaineering,FOOTWEAR,Sock,Low Cut Sock,Not assigned,,,
Mountaineering,FOOTWEAR,Sock,Mid Cut Sock,Not assigned,,,
Mountaineering,FOOTWEAR,Sock,NO SHOW,Not assigned,,,
Mountaineering,FOOTWEAR,Sock,SHORT CUT SOCKS,Not assigned,,,
Mountaineering,FOOTWEAR,Gaiter,High Cut Gaiter,Not assigned,,,
Mountaineering,FOOTWEAR,Shoelace,ROUND,N/A,,,
Mountaineering,FOOTWEAR,Shoelace,ROUND,Not assigned,,,
Mountaineering,FOOTWEAR,Insole,NORMAL,Not assigned,,,
Mountaineering,HEADWEAR,Caps,Active Caps,Trucker Caps,,,
Mountaineering,HEADWEAR,Caps,Active Caps,Baseball Caps,,,
Mountaineering,HEADWEAR,Caps,Active Caps,Commando Caps,,,
Mountaineering,HEADWEAR,Caps,Active Caps,Pannel Caps,,,
Mountaineering,HEADWEAR,Caps,Active Caps,Sun Hats,,,
Mountaineering,HEADWEAR,Caps,Active Caps,Panel Cap,,,
Mountaineering,HEADWEAR,Caps,Active Caps,Not assigned,,,
Mountaineering,HEADWEAR,Caps,Active Hats,Not assigned,,,
Mountaineering,HEADWEAR,Caps,Fashion Caps,Trucker Caps,,,
Mountaineering,HEADWEAR,Caps,Fashion Caps,Camper Caps,,,
Mountaineering,HEADWEAR,Caps,Fashion Caps,Baseball Caps,,,
Mountaineering,HEADWEAR,Caps,Fashion Caps,Commando Caps,,,
Mountaineering,HEADWEAR,Caps,Fashion Caps,Not assigned,,,
Mountaineering,HEADWEAR,Hats,Active Caps,Not assigned,,,
Mountaineering,HEADWEAR,Hats,Active Hats,Sun Hats,,,
Mountaineering,HEADWEAR,Hats,Active Hats,Bucket Hats,,,
Mountaineering,HEADWEAR,Hats,Active Hats,Rain Hats,,,
Mountaineering,HEADWEAR,Hats,Active Hats,Jungle Hat,,,
Mountaineering,HEADWEAR,Hats,Active Hats,Not assigned,,,
Mountaineering,HEADWEAR,Hats,Fashion Caps,Jungle Hat,,,
Mountaineering,HEADWEAR,Hats,Fashion Hats,Sun Hats,,,
Mountaineering,HEADWEAR,Hats,Fashion Hats,Jungle Hat,,,
Mountaineering,HEADWEAR,Beanies,Balaclava,Not assigned,,,
Mountaineering,HEADWEAR,Beanies,Peruvian,Knitting,,,
Mountaineering,HEADWEAR,Beanies,Peruvian,Not assigned,,,
Mountaineering,HEADWEAR,Beanies,Regular Beanies,Knitting,,,
Mountaineering,HEADWEAR,Beanies,Regular Beanies,Spandex / Neoprene,,,
Mountaineering,HEADWEAR,Beanies,Regular Beanies,Not assigned,,,
Mountaineering,HEADWEAR,Bandana,Classic Bandana,Regular Bandana,,,
Mountaineering,HEADWEAR,Bandana,Classic Bandana,Not assigned,,,
Mountaineering,HEADWEAR,Bandana,Multifunction Bandan,Regular,,,
Mountaineering,HEADWEAR,Bandana,Multifunction Bandan,Regular Bandana,,,
Mountaineering,HEADWEAR,Bandana,Multifunction Bandan,Warmer Bandana,,,
Mountaineering,HEADWEAR,Bandana,Multifunction Bandan,Not assigned,,,
Mountaineering,HEADWEAR,Hijab,Regular Hijab,Triangle,,,
Mountaineering,HEADWEAR,Hijab,Regular Hijab,Not assigned,,,
Mountaineering,HEADWEAR,Hijab,Sport Hijab,Bergo,,,
Mountaineering,HEADWEAR,Hijab,Sport Hijab,Not assigned,,,
Mountaineering,HEADWEAR,Scarf,Knitted,Regular,,,
Mountaineering,HEADWEAR,Face Shield,Adjustable,Not assigned,,,
Mountaineering,HEADWEAR,Masker,2 Ply masker,Ear Loop,,,
Mountaineering,HEADWEAR,Masker,2 Ply masker,Head Loop (Hijab),,,
Mountaineering,HEADWEAR,Masker,2 Ply masker,Not assigned,,,
Mountaineering,HEADWEAR,Masker,3 Ply masker,Ear Loop,,,
Mountaineering,HEADWEAR,Masker,3 Ply masker,Head Loop (Hijab),,,
Mountaineering,HEADWEAR,Masker,Not Assigned,Not assigned,,,
Mountaineering,LOGOWEAR,Manset,Without  Thumb Hole,Not assigned,,,
Riding,APPAREL,Pants,Pants (Armored),Cargo,,,
Riding,APPAREL,Pants,Pants (Armored),5 pockets,,,
Riding,APPAREL,Pants,Pants (regular),Cargo,,,
Riding,APPAREL,Pants,Pants (regular),Chinos,,,
Riding,APPAREL,Pants,Pants (regular),5 pockets,,,
Riding,APPAREL,Pants,Pants (Technical),Cargo,,,
Riding,APPAREL,Pants,Pants (Technical),5 pockets,,,
Riding,APPAREL,Shorts,Shorts (regular),Cargo,,,
Riding,APPAREL,Shorts,Shorts (regular),Bermuda,,,
Riding,APPAREL,Shorts,Shorts (regular),Board short,,,
Riding,APPAREL,Shorts,Shorts (regular),Chinos short,,,
Riding,APPAREL,Shirt,Shirt (long sleeves),Regular shirt,,,
Riding,APPAREL,Shirt,Shirt (long sleeves),Pattern shirt,,,
Riding,APPAREL,Shirt,Shirt (long sleeves),Long sleeve top,,,
Riding,APPAREL,Shirt,Shirt (short sleeves),Regular shirt,,,
Riding,APPAREL,Shirt,Shirt (short sleeves),Pattern shirt,,,
Riding,APPAREL,Top,Henley,Crew Neck,,,
Riding,APPAREL,Top,Polo shirt (long sleeves),Regular polo,,,
Riding,APPAREL,Top,Polo shirt (long sleeves),Pocket polo,,,
Riding,APPAREL,Top,Polo shirt (long sleeves),Not assigned,,,
Riding,APPAREL,Top,Polo shirt (short sleeves),Regular polo,,,
Riding,APPAREL,Top,Polo shirt (short sleeves),Non Hooded,,,
Riding,APPAREL,Top,Polo shirt (short sleeves),Not assigned,,,
Riding,APPAREL,Top,T-Shirt (long sleeves),Regular shirt,,,
Riding,APPAREL,Top,T-Shirt (long sleeves),Crew Neck,,,
Riding,APPAREL,Top,T-Shirt (long sleeves),Long sleeve top,,,
Riding,APPAREL,Top,T-Shirt (long sleeves),N/A,,,
Riding,APPAREL,Top,T-Shirt (long sleeves),Not assigned,,,
Riding,APPAREL,Top,T-Shirt (short sleeves),Regular shirt,,,
Riding,APPAREL,Top,T-Shirt (short sleeves),Crew Neck,,,
Riding,APPAREL,Top,T-Shirt (short sleeves),Short sleeve top,,,
Riding,APPAREL,Top,T-Shirt (short sleeves),Not assigned,,,
Riding,APPAREL,Top,T-Shirt (sleeveless),Crew Neck,,,
Riding,APPAREL,Top,T-Shirt (sleeveless),Not assigned,,,
Riding,APPAREL,Top,JERSEY,Short sleeve top,,,
Riding,APPAREL,Top,JERSEY,Long sleeve top,,,
Riding,APPAREL,Jacket,Armored Jacket,Non Hooded,,,
Riding,APPAREL,Jacket,Fleece Jacket,Hooded,,,
Riding,APPAREL,Jacket,Fleece Jacket,Non Hooded,,,
Riding,APPAREL,Jacket,Insulated Jacket,Hooded,,,
Riding,APPAREL,Jacket,Insulated Jacket,Non Hooded,,,
Riding,APPAREL,Jacket,Jack Shirt,Non Hooded,,,
Riding,APPAREL,Jacket,Jack Shirt,Quilted,,,
Riding,APPAREL,Jacket,Jack Shirt,DECK JACKET,,,
Riding,APPAREL,Jacket,Softshell Jacket,Hooded,,,
Riding,APPAREL,Jacket,Softshell Jacket,Non Hooded,,,
Riding,APPAREL,Jacket,Windproof Jacket,Hooded,,,
Riding,APPAREL,Jacket,Windproof Jacket,Non Hooded,,,
Riding,APPAREL,Jacket,Windproof Jacket,Parka,,,
Riding,APPAREL,Jacket,Windproof Jacket,Bomber,,,
Riding,APPAREL,Jacket,Windproof Jacket,Anorak,,,
Riding,APPAREL,Jacket,Windproof Jacket,Coach,,,
Riding,APPAREL,Jacket,Not Assigned,Not assigned,,,
Riding,APPAREL,Sweater,Hoodie (non-zip),Crew Neck Jumper,,,
Riding,APPAREL,Sweater,Hoodie (non-zip),Sweatshirt,,,
Riding,APPAREL,Sweater,Hoodie (zip),Hooded,,,
Riding,APPAREL,Sweater,Hoodie (zip),Crew Neck Jumper,,,
Riding,APPAREL,Sweater,Hoodie (zip),Sweatshirt,,,
Riding,APPAREL,Sweater,Non-hoodie (non-zip),Crew Neck,,,
Riding,APPAREL,Sweater,Non-hoodie (non-zip),Non Hooded,,,
Riding,APPAREL,Sweater,Non-hoodie (non-zip),Sweatshirt,,,
Riding,APPAREL,Sweater,Non-hoodie (zip),Non Hooded,,,
Riding,APPAREL,Sweater,Non-hoodie (zip),Crew Neck Jumper,,,
Riding,APPAREL,Rainwear,Rainsuit,Hooded,,,
Riding,APPAREL,Rainwear,Rainsuit,Full length bottom,,,
Riding,APPAREL,Rainwear,Rainsuit,Polyester,,,
Riding,APPAREL,Rainwear,Rainsuit,PVC,,,
Riding,APPAREL,Rainwear,Rainsuit,Not assigned,,,
Riding,APPAREL,Vest,Insulated Vest,Hooded,,,
Riding,APPAREL,Vest,Insulated Vest,Non Hooded,,,
Riding,APPAREL,Vest,Insulated Vest,Quilted,,,
Riding,APPAREL,Vest,Insulated Vest,Not assigned,,,
Riding,APPAREL,Vest,Windproof Vest,Hooded,,,
Riding,APPAREL,Vest,Windproof Vest,Non Hooded,,,
Riding,APPAREL,Vest,Windproof Vest,Not assigned,,,
Riding,APPAREL,Vest,Not Assigned,Not assigned,,,
Riding,APPAREL,Baselayer,Bottom,Full length bottom,,,
Riding,APPAREL,Baselayer,Top,Short sleeve top,,,
Riding,APPAREL,Baselayer,Top,Long sleeve top,,,
Riding,BAGS,Backpack,Daypack,Packable,,,
Riding,BAGS,Backpack,Daypack,Daypack,,,
Riding,BAGS,Backpack,Daypack,Not assigned,,,
Riding,BAGS,Backpack,Hydropack,Packable,,,
Riding,BAGS,Backpack,Hydropack,Daypack,,,
Riding,BAGS,Backpack,Laptop,Daypack,,,
Riding,BAGS,Backpack,Laptop,Not assigned,,,
Riding,BAGS,Backpack,Rucksack,Not assigned,,,
Riding,BAGS,Backpack,Technical,Two ways carry,,,
Riding,BAGS,Backpack,Technical,Daypack,,,
Riding,BAGS,Backpack,Technical,Not assigned,,,
Riding,BAGS,Backpack,Tote Bag,Two ways carry,,,
Riding,BAGS,Backpack,Tote Bag,Two Ways carry tote bag,,,
Riding,BAGS,Shoulder Bag,Chest Pack,Not assigned,,,
Riding,BAGS,Shoulder Bag,Cross Sling Bag,N/A,,,
Riding,BAGS,Shoulder Bag,Cross Sling Bag,Not assigned,,,
Riding,BAGS,Shoulder Bag,Laptop Shoulder Bag,Not assigned,,,
Riding,BAGS,Shoulder Bag,Regular Shoulder Bag,Two ways carry,,,
Riding,BAGS,Shoulder Bag,Regular Shoulder Bag,Not assigned,,,
Riding,BAGS,Shoulder Bag,Tablet Shoulder Bag,Not assigned,,,
Riding,BAGS,Shoulder Bag,Tote Bag,Two Ways carry tote bag,,,
Riding,BAGS,Duffle,Regular Duffle,Two ways carry,,,
Riding,BAGS,Duffle,Regular Duffle,Not assigned,,,
Riding,BAGS,Waist Bag,Cross Sling Bag,Not assigned,,,
Riding,BAGS,Waist Bag,Regular Waist Bag,Two ways carry,,,
Riding,BAGS,Waist Bag,Regular Waist Bag,N/A,,,
Riding,BAGS,Waist Bag,Regular Waist Bag,Not assigned,,,
Riding,BAGS,Waist Bag,Technical Waist Bag,Packable,,,
Riding,BAGS,Waist Bag,Technical Waist Bag,WATER PROTECTION,,,
Riding,BAGS,Waist Bag,Technical Waist Bag,Not assigned,,,
Riding,BAGS,Pouch,Digital Pouch,Not assigned,,,
Riding,BAGS,Pouch,Legpack,Not assigned,,,
Riding,BAGS,Pouch,Travel Pouch,Not assigned,,,
Riding,BAGS,Pouch,Not Assigned,Not assigned,,,
Riding,BAGS,Motorcycle Bag,Handlebar Bag,Not assigned,,,
Riding,BAGS,Motorcycle Bag,Helmet Bag,Not assigned,,,
Riding,BAGS,Motorcycle Bag,Regular Duffle,Not assigned,,,
Riding,BAGS,Motorcycle Bag,Side Bags,Two ways carry,,,
Riding,BAGS,Motorcycle Bag,Side Bags,Not assigned,,,
Riding,BAGS,Motorcycle Bag,Tail Bag,Not assigned,,,
Riding,BAGS,Motorcycle Bag,Tank Bag,Two ways carry,,,
Riding,BAGS,Motorcycle Bag,Tank Bag,N/A,,,
Riding,BAGS,Motorcycle Bag,Tank Bag,Not assigned,,,
Riding,BAGS,Motorcycle Bag,Tools Bag,Not assigned,,,
Riding,BAGS,Motorcycle Bag,FRONT BAG,WATER PROTECTION,,,
Riding,BAGS,Motorcycle Bag,UNDER SEAT BAG,WATER PROTECTION,,,
Riding,BAGS,Motorcycle Bag,Not Assigned,Not assigned,,,
Riding,BAGS,Cases,Dopp Kit,Not assigned,,,
Riding,ACCESSORIES,Wallet,Long,Not assigned,,,
Riding,ACCESSORIES,Wallet,Short,Bifold,,,
Riding,ACCESSORIES,Wallet,Short,Neck Wallet,,,
Riding,ACCESSORIES,Wallet,Short,Zipper Wallet,,,
Riding,ACCESSORIES,Wallet,Short,Not assigned,,,
Riding,ACCESSORIES,Chain Accessories,Keychain,Not assigned,,,
Riding,ACCESSORIES,Chain Accessories,Wallet chain,Not assigned,,,
Riding,ACCESSORIES,Graphic Accessories,Pin,Not assigned,,,
Riding,ACCESSORIES,Graphic Accessories,Sticker,Not assigned,,,
Riding,ACCESSORIES,Graphic Accessories,Velcro Patch,Not assigned,,,
Riding,ACCESSORIES,Belts,Flip Belt,Not assigned,,,
Riding,ACCESSORIES,Belts,Pin Belt,Not assigned,,,
Riding,ACCESSORIES,Belts,Ring Belt,Not assigned,,,
Riding,ACCESSORIES,Watches,Analog,Not assigned,,,
Riding,ACCESSORIES,Watches,Analog Chrono,Not assigned,,,
Riding,ACCESSORIES,Watches,Digital,Not assigned,,,
Riding,ACCESSORIES,Sunglasses,Casual Glasses,Aviator,,,
Riding,ACCESSORIES,Sunglasses,Casual Glasses,Square,,,
Riding,ACCESSORIES,Sunglasses,Casual Glasses,Sport,,,
Riding,ACCESSORIES,Sunglasses,Goggles,Sport,,,
Riding,ACCESSORIES,Sunglasses,Sport Glasses,Sport,,,
Riding,ACCESSORIES,Masker Strap,Moulded,Silicone,,,
Riding,ACCESSORIES,Masker Strap,Basic,Webbing,,,
Riding,ACCESSORIES,Masker Strap,Basic,Not assigned,,,
Riding,EQUIPMENT,Gloves,Full Gloves,Leather,,,
Riding,EQUIPMENT,Gloves,Full Gloves,Mix,,,
Riding,EQUIPMENT,Gloves,Full Gloves,Not assigned,,,
Riding,EQUIPMENT,Gloves,Half-Gloves,Leather,,,
Riding,EQUIPMENT,Gloves,Half-Gloves,Mix,,,
Riding,EQUIPMENT,Riding Equipment,Masker,Not assigned,,,
Riding,EQUIPMENT,Riding Equipment,Net,Not assigned,,,
Riding,EQUIPMENT,Riding Equipment,Pants Suspender,Not assigned,,,
Riding,EQUIPMENT,Riding Equipment,Protector,Elbow Protector,,,
Riding,EQUIPMENT,Riding Equipment,Protector,Knee Protector,,,
Riding,EQUIPMENT,Riding Equipment,Protector,Back Protector,,,
Riding,EQUIPMENT,Riding Equipment,Protector,Not assigned,,,
Riding,EQUIPMENT,Riding Equipment,Shifter Pad,Not assigned,,,
Riding,EQUIPMENT,Riding Equipment,Strap,Not assigned,,,
Riding,EQUIPMENT,Umbrella,Automatic,Not assigned,,,
Riding,EQUIPMENT,Motorcycle,Not Assigned,Not assigned,,,
Riding,FOOTWEAR,Shoes,High-cut shoes,Not assigned,,,
Riding,FOOTWEAR,Shoes,Low-cut shoes,Sneakers,,,
Riding,FOOTWEAR,Shoes,Low-cut shoes,Not assigned,,,
Riding,FOOTWEAR,Shoes,Mid-cut shoes,Sneakers,,,
Riding,FOOTWEAR,Shoes,Mid-cut shoes,Mix,,,
Riding,FOOTWEAR,Shoes,Mid-cut shoes,N/A,,,
Riding,FOOTWEAR,Shoes,Mid-cut shoes,Not assigned,,,
Riding,FOOTWEAR,Boots,High Cut Boots,Classic,,,
Riding,FOOTWEAR,Sock,High Cut Sock,Not assigned,,,
Riding,FOOTWEAR,Sock,Low Cut Sock,N/A,,,
Riding,FOOTWEAR,Sock,Low Cut Sock,Not assigned,,,
Riding,FOOTWEAR,Sock,Mid Cut Sock,Not assigned,,,
Riding,FOOTWEAR,Sock,NO SHOW,Not assigned,,,
Riding,FOOTWEAR,Sock,SHORT CUT SOCKS,Not assigned,,,
Riding,FOOTWEAR,Boot Cover,High Cut Boot Cover,Not assigned,,,
Riding,HEADWEAR,Caps,Active Caps,Baseball Caps,,,
Riding,HEADWEAR,Caps,Fashion Caps,Trucker Caps,,,
Riding,HEADWEAR,Caps,Fashion Caps,Baseball Caps,,,
Riding,HEADWEAR,Caps,Fashion Caps,Commando Caps,,,
Riding,HEADWEAR,Caps,Fashion Caps,Pannel Caps,,,
Riding,HEADWEAR,Caps,Fashion Caps,Snapback Caps,,,
Riding,HEADWEAR,Caps,Fashion Caps,Not assigned,,,
Riding,HEADWEAR,Hats,Fashion Hats,Bucket Hats,,,
Riding,HEADWEAR,Hats,Fashion Hats,FEDORA HAT,,,
Riding,HEADWEAR,Beanies,Balaclava,Not assigned,,,
Riding,HEADWEAR,Beanies,Regular Beanies,Knitting,,,
Riding,HEADWEAR,Beanies,Regular Beanies,Not assigned,,,
Riding,HEADWEAR,Bandana,Classic Bandana,Regular Bandana,,,
Riding,HEADWEAR,Bandana,Classic Bandana,Not assigned,,,
Riding,HEADWEAR,Bandana,Multifunction Bandan,Regular Bandana,,,
Riding,HEADWEAR,Bandana,Multifunction Bandan,Warmer Bandana,,,
Riding,HEADWEAR,Bandana,Multifunction Bandan,Not assigned,,,
Riding,HEADWEAR,Helmet,Full Face Helmet,Fix,,,
Riding,HEADWEAR,Helmet,Full Face Helmet,Not assigned,,,
Riding,HEADWEAR,Helmet,Half Face Helmet,Fix,,,
Riding,HEADWEAR,Masker,Masker,Not assigned,,,
Tactical,ACCESSORIES,Sunglasses,Sport Glasses,Sport,,,
Tactical,ACCESSORIES,Wallet,Short,Neck Wallet,,,
Tactical,ACCESSORIES,Wallet,Short,Passport Wallet,,,
Tactical,APPAREL,Jacket,Fleece Jacket,Hooded,,,
Tactical,APPAREL,Jacket,Jack Shirt,Parka,,,
Tactical,APPAREL,Jacket,Softshell Jacket,Hooded,,,
Tactical,APPAREL,Jacket,Windproof Jacket,Bomber,,,
Tactical,APPAREL,Jacket,Windproof Jacket,Hooded,,,
Tactical,APPAREL,Jacket,Windproof Jacket,Non Hooded,,,
Tactical,APPAREL,Pants,Pants (Armored),Cargo,,,
Tactical,APPAREL,Pants,Pants (Regular),Jogger,,,
Tactical,APPAREL,Pants,Pants (Regular),Leggings,,,
Tactical,APPAREL,Pants,Pants (Technical),Cargo,,,
Tactical,APPAREL,Pants,Pants (Technical),Convertible Pants,,,
Tactical,APPAREL,Pants,Pants (Technical),Flat fronts,,,
Tactical,APPAREL,Pants,Pants (Technical),Pants (Technical),,,
Tactical,APPAREL,Rainwear,Rainsuit,Hooded,,,
Tactical,APPAREL,Shirt,Shirt (long sleeves),Convertible shirt,,,
Tactical,APPAREL,Shirt,Shirt (long sleeves),Regular shirt,,,
Tactical,APPAREL,Shirt,Shirt (short sleeves),Regular shirt,,,
Tactical,APPAREL,Shorts,Shorts (Regular),Bermuda,,,
Tactical,APPAREL,Shorts,Shorts (Regular),Board short,,,
Tactical,APPAREL,Shorts,Shorts (Technical),Bermuda,,,
Tactical,APPAREL,Shorts,Shorts (Technical),Cargo,,,
Tactical,APPAREL,Shorts,Shorts (Technical),Flat fronts,,,
Tactical,APPAREL,Top,Polo shirt (long sleeves),Pattern polo,,,
Tactical,APPAREL,Top,Polo shirt (short sleeves),Pattern polo,,,
Tactical,APPAREL,Top,Polo shirt (short sleeves),Pocket polo,,,
Tactical,APPAREL,Top,Polo shirt (short sleeves),Regular polo,,,
Tactical,APPAREL,Top,Polo shirt (short sleeves),V-Neck,,,
Tactical,APPAREL,Top,T-Shirt (long sleeves),Crew Neck,,,
Tactical,APPAREL,Top,T-Shirt (long sleeves),Long sleeve top,,,
Tactical,APPAREL,Top,T-Shirt (short sleeves),Crew Neck,,,
Tactical,APPAREL,Top,T-Shirt (short sleeves),Pattern shirt,,,
Tactical,APPAREL,Top,T-Shirt (short sleeves),Short sleeve top,,,
Tactical,APPAREL,Top,T-Shirt (sleeveless),Crew Neck,,,
Tactical,BAGS,Backpack,Daypack,Daypack,,,
Tactical,BAGS,Backpack,Technical,Daypack,,,
Tactical,BAGS,Backpack,Technical,Fixed Harness,,,
Tactical,BAGS,Pouch,Travel Pouch,Nylon,,,
Tactical,BAGS,Shoulder Bag,Regular Shoulder Bag,Basic Shoulder Bag,,,
Tactical,EQUIPMENT,Gloves,Full Gloves,Mix,,,
Tactical,EQUIPMENT,Gloves,Half Gloves,Mix,,,
Tactical,EQUIPMENT,Kitchenware,Cup,Stainless,,,
Tactical,EQUIPMENT,Knives,Folded,Knife,,,
Tactical,EQUIPMENT,Lighting Equipment,Torch,Rechargeable,,,
Tactical,EQUIPMENT,Tools,Pen,Glassbreaker Pen,,,
Tactical,EQUIPMENT,Water Storage,Bottle,Stainless Steel,,,
Tactical,FOOTWEAR,Boots,High Cut Boots,Rubber,,,
Tactical,FOOTWEAR,Shoes,Low Cut Shoes,Trail Running,,,
Tactical,HEADWEAR,Beanies,Regular Beanies,Knitting,,,
Tactical,HEADWEAR,Caps,Active Caps,Trucker Caps,,,
Tactical,HEADWEAR,Caps,Fashion Caps,Baseball Caps,,,
Tactical,HEADWEAR,Caps,Fashion Caps,Commando Caps,,,
Tactical,HEADWEAR,Hats,Fashion Hats,Jungle Hat,,,
Active,APPAREL,Jacket,Windproof Jacket,Hooded,,,
Active,APPAREL,Pants,Pants (Regular),2 in 1 Pants,,,
Active,APPAREL,Pants,Pants (Regular),Ankle Legging,,,
Active,APPAREL,Pants,Pants (Regular),Cargo,,,
Active,APPAREL,Pants,Pants (Regular),Crop Legging,,,
Active,APPAREL,Pants,Pants (Regular),Flare Legging,,,
Active,APPAREL,Pants,Pants (Regular),Short Legging,,,
Active,APPAREL,Shorts,Shorts (Regular),2 in 1 Pants,,,
Active,APPAREL,Shorts,Shorts (Regular),Bermuda,,,
Active,APPAREL,Shorts,Shorts (Regular),Polyester,,,
Active,APPAREL,Top,T-Shirt (short sleeves),CROPPED,,,
Active,APPAREL,Underwear,Sport Bra,PLAIN,,,
Active,BAGS,Backpack,Daypack,Daypack,,,
Active,BAGS,Duffle,Regular Duffle,Three Ways Carry,,,
Active,BAGS,Shoulder Bag,Tote Bag,Regular Tote Bag,,,
Active,HEADWEAR,Caps,Active Caps,Panel Cap,,,